-- MySQL dump 10.13  Distrib 8.0.29, for Win64 (x86_64)
--
-- Host: localhost    Database: tibadjango
-- ------------------------------------------------------
-- Server version	8.0.29

/*!40101 SET @OLD_CHARACTER_SET_CLIENT=@@CHARACTER_SET_CLIENT */;
/*!40101 SET @OLD_CHARACTER_SET_RESULTS=@@CHARACTER_SET_RESULTS */;
/*!40101 SET @OLD_COLLATION_CONNECTION=@@COLLATION_CONNECTION */;
/*!50503 SET NAMES utf8 */;
/*!40103 SET @OLD_TIME_ZONE=@@TIME_ZONE */;
/*!40103 SET TIME_ZONE='+00:00' */;
/*!40014 SET @OLD_UNIQUE_CHECKS=@@UNIQUE_CHECKS, UNIQUE_CHECKS=0 */;
/*!40014 SET @OLD_FOREIGN_KEY_CHECKS=@@FOREIGN_KEY_CHECKS, FOREIGN_KEY_CHECKS=0 */;
/*!40101 SET @OLD_SQL_MODE=@@SQL_MODE, SQL_MODE='NO_AUTO_VALUE_ON_ZERO' */;
/*!40111 SET @OLD_SQL_NOTES=@@SQL_NOTES, SQL_NOTES=0 */;

--
-- Table structure for table `auth_group`
--

DROP TABLE IF EXISTS `auth_group`;
/*!40101 SET @saved_cs_client     = @@character_set_client */;
/*!50503 SET character_set_client = utf8mb4 */;
CREATE TABLE `auth_group` (
  `id` int NOT NULL AUTO_INCREMENT,
  `name` varchar(150) COLLATE utf8mb4_unicode_ci NOT NULL,
  PRIMARY KEY (`id`),
  UNIQUE KEY `name` (`name`)
) ENGINE=InnoDB DEFAULT CHARSET=utf8mb4 COLLATE=utf8mb4_unicode_ci;
/*!40101 SET character_set_client = @saved_cs_client */;

--
-- Dumping data for table `auth_group`
--

LOCK TABLES `auth_group` WRITE;
/*!40000 ALTER TABLE `auth_group` DISABLE KEYS */;
/*!40000 ALTER TABLE `auth_group` ENABLE KEYS */;
UNLOCK TABLES;

--
-- Table structure for table `auth_group_permissions`
--

DROP TABLE IF EXISTS `auth_group_permissions`;
/*!40101 SET @saved_cs_client     = @@character_set_client */;
/*!50503 SET character_set_client = utf8mb4 */;
CREATE TABLE `auth_group_permissions` (
  `id` bigint NOT NULL AUTO_INCREMENT,
  `group_id` int NOT NULL,
  `permission_id` int NOT NULL,
  PRIMARY KEY (`id`),
  UNIQUE KEY `auth_group_permissions_group_id_permission_id_0cd325b0_uniq` (`group_id`,`permission_id`),
  KEY `auth_group_permissio_permission_id_84c5c92e_fk_auth_perm` (`permission_id`),
  CONSTRAINT `auth_group_permissio_permission_id_84c5c92e_fk_auth_perm` FOREIGN KEY (`permission_id`) REFERENCES `auth_permission` (`id`),
  CONSTRAINT `auth_group_permissions_group_id_b120cbf9_fk_auth_group_id` FOREIGN KEY (`group_id`) REFERENCES `auth_group` (`id`)
) ENGINE=InnoDB DEFAULT CHARSET=utf8mb4 COLLATE=utf8mb4_unicode_ci;
/*!40101 SET character_set_client = @saved_cs_client */;

--
-- Dumping data for table `auth_group_permissions`
--

LOCK TABLES `auth_group_permissions` WRITE;
/*!40000 ALTER TABLE `auth_group_permissions` DISABLE KEYS */;
/*!40000 ALTER TABLE `auth_group_permissions` ENABLE KEYS */;
UNLOCK TABLES;

--
-- Table structure for table `auth_permission`
--

DROP TABLE IF EXISTS `auth_permission`;
/*!40101 SET @saved_cs_client     = @@character_set_client */;
/*!50503 SET character_set_client = utf8mb4 */;
CREATE TABLE `auth_permission` (
  `id` int NOT NULL AUTO_INCREMENT,
  `name` varchar(255) COLLATE utf8mb4_unicode_ci NOT NULL,
  `content_type_id` int NOT NULL,
  `codename` varchar(100) COLLATE utf8mb4_unicode_ci NOT NULL,
  PRIMARY KEY (`id`),
  UNIQUE KEY `auth_permission_content_type_id_codename_01ab375a_uniq` (`content_type_id`,`codename`),
  CONSTRAINT `auth_permission_content_type_id_2f476e4b_fk_django_co` FOREIGN KEY (`content_type_id`) REFERENCES `django_content_type` (`id`)
) ENGINE=InnoDB AUTO_INCREMENT=37 DEFAULT CHARSET=utf8mb4 COLLATE=utf8mb4_unicode_ci;
/*!40101 SET character_set_client = @saved_cs_client */;

--
-- Dumping data for table `auth_permission`
--

LOCK TABLES `auth_permission` WRITE;
/*!40000 ALTER TABLE `auth_permission` DISABLE KEYS */;
INSERT INTO `auth_permission` VALUES (1,'Can add log entry',1,'add_logentry'),(2,'Can change log entry',1,'change_logentry'),(3,'Can delete log entry',1,'delete_logentry'),(4,'Can view log entry',1,'view_logentry'),(5,'Can add permission',2,'add_permission'),(6,'Can change permission',2,'change_permission'),(7,'Can delete permission',2,'delete_permission'),(8,'Can view permission',2,'view_permission'),(9,'Can add group',3,'add_group'),(10,'Can change group',3,'change_group'),(11,'Can delete group',3,'delete_group'),(12,'Can view group',3,'view_group'),(13,'Can add user',4,'add_user'),(14,'Can change user',4,'change_user'),(15,'Can delete user',4,'delete_user'),(16,'Can view user',4,'view_user'),(17,'Can add content type',5,'add_contenttype'),(18,'Can change content type',5,'change_contenttype'),(19,'Can delete content type',5,'delete_contenttype'),(20,'Can view content type',5,'view_contenttype'),(21,'Can add session',6,'add_session'),(22,'Can change session',6,'change_session'),(23,'Can delete session',6,'delete_session'),(24,'Can view session',6,'view_session'),(25,'Can add county list',7,'add_countylist'),(26,'Can change county list',7,'change_countylist'),(27,'Can delete county list',7,'delete_countylist'),(28,'Can view county list',7,'view_countylist'),(29,'Can add town list',8,'add_townlist'),(30,'Can change town list',8,'change_townlist'),(31,'Can delete town list',8,'delete_townlist'),(32,'Can view town list',8,'view_townlist'),(33,'Can add join',9,'add_join'),(34,'Can change join',9,'change_join'),(35,'Can delete join',9,'delete_join'),(36,'Can view join',9,'view_join');
/*!40000 ALTER TABLE `auth_permission` ENABLE KEYS */;
UNLOCK TABLES;

--
-- Table structure for table `auth_user`
--

DROP TABLE IF EXISTS `auth_user`;
/*!40101 SET @saved_cs_client     = @@character_set_client */;
/*!50503 SET character_set_client = utf8mb4 */;
CREATE TABLE `auth_user` (
  `id` int NOT NULL AUTO_INCREMENT,
  `password` varchar(128) COLLATE utf8mb4_unicode_ci NOT NULL,
  `last_login` datetime(6) DEFAULT NULL,
  `is_superuser` tinyint(1) NOT NULL,
  `username` varchar(150) COLLATE utf8mb4_unicode_ci NOT NULL,
  `first_name` varchar(150) COLLATE utf8mb4_unicode_ci NOT NULL,
  `last_name` varchar(150) COLLATE utf8mb4_unicode_ci NOT NULL,
  `email` varchar(254) COLLATE utf8mb4_unicode_ci NOT NULL,
  `is_staff` tinyint(1) NOT NULL,
  `is_active` tinyint(1) NOT NULL,
  `date_joined` datetime(6) NOT NULL,
  PRIMARY KEY (`id`),
  UNIQUE KEY `username` (`username`)
) ENGINE=InnoDB DEFAULT CHARSET=utf8mb4 COLLATE=utf8mb4_unicode_ci;
/*!40101 SET character_set_client = @saved_cs_client */;

--
-- Dumping data for table `auth_user`
--

LOCK TABLES `auth_user` WRITE;
/*!40000 ALTER TABLE `auth_user` DISABLE KEYS */;
/*!40000 ALTER TABLE `auth_user` ENABLE KEYS */;
UNLOCK TABLES;

--
-- Table structure for table `auth_user_groups`
--

DROP TABLE IF EXISTS `auth_user_groups`;
/*!40101 SET @saved_cs_client     = @@character_set_client */;
/*!50503 SET character_set_client = utf8mb4 */;
CREATE TABLE `auth_user_groups` (
  `id` bigint NOT NULL AUTO_INCREMENT,
  `user_id` int NOT NULL,
  `group_id` int NOT NULL,
  PRIMARY KEY (`id`),
  UNIQUE KEY `auth_user_groups_user_id_group_id_94350c0c_uniq` (`user_id`,`group_id`),
  KEY `auth_user_groups_group_id_97559544_fk_auth_group_id` (`group_id`),
  CONSTRAINT `auth_user_groups_group_id_97559544_fk_auth_group_id` FOREIGN KEY (`group_id`) REFERENCES `auth_group` (`id`),
  CONSTRAINT `auth_user_groups_user_id_6a12ed8b_fk_auth_user_id` FOREIGN KEY (`user_id`) REFERENCES `auth_user` (`id`)
) ENGINE=InnoDB DEFAULT CHARSET=utf8mb4 COLLATE=utf8mb4_unicode_ci;
/*!40101 SET character_set_client = @saved_cs_client */;

--
-- Dumping data for table `auth_user_groups`
--

LOCK TABLES `auth_user_groups` WRITE;
/*!40000 ALTER TABLE `auth_user_groups` DISABLE KEYS */;
/*!40000 ALTER TABLE `auth_user_groups` ENABLE KEYS */;
UNLOCK TABLES;

--
-- Table structure for table `auth_user_user_permissions`
--

DROP TABLE IF EXISTS `auth_user_user_permissions`;
/*!40101 SET @saved_cs_client     = @@character_set_client */;
/*!50503 SET character_set_client = utf8mb4 */;
CREATE TABLE `auth_user_user_permissions` (
  `id` bigint NOT NULL AUTO_INCREMENT,
  `user_id` int NOT NULL,
  `permission_id` int NOT NULL,
  PRIMARY KEY (`id`),
  UNIQUE KEY `auth_user_user_permissions_user_id_permission_id_14a6b632_uniq` (`user_id`,`permission_id`),
  KEY `auth_user_user_permi_permission_id_1fbb5f2c_fk_auth_perm` (`permission_id`),
  CONSTRAINT `auth_user_user_permi_permission_id_1fbb5f2c_fk_auth_perm` FOREIGN KEY (`permission_id`) REFERENCES `auth_permission` (`id`),
  CONSTRAINT `auth_user_user_permissions_user_id_a95ead1b_fk_auth_user_id` FOREIGN KEY (`user_id`) REFERENCES `auth_user` (`id`)
) ENGINE=InnoDB DEFAULT CHARSET=utf8mb4 COLLATE=utf8mb4_unicode_ci;
/*!40101 SET character_set_client = @saved_cs_client */;

--
-- Dumping data for table `auth_user_user_permissions`
--

LOCK TABLES `auth_user_user_permissions` WRITE;
/*!40000 ALTER TABLE `auth_user_user_permissions` DISABLE KEYS */;
/*!40000 ALTER TABLE `auth_user_user_permissions` ENABLE KEYS */;
UNLOCK TABLES;

--
-- Table structure for table `django_admin_log`
--

DROP TABLE IF EXISTS `django_admin_log`;
/*!40101 SET @saved_cs_client     = @@character_set_client */;
/*!50503 SET character_set_client = utf8mb4 */;
CREATE TABLE `django_admin_log` (
  `id` int NOT NULL AUTO_INCREMENT,
  `action_time` datetime(6) NOT NULL,
  `object_id` longtext COLLATE utf8mb4_unicode_ci,
  `object_repr` varchar(200) COLLATE utf8mb4_unicode_ci NOT NULL,
  `action_flag` smallint unsigned NOT NULL,
  `change_message` longtext COLLATE utf8mb4_unicode_ci NOT NULL,
  `content_type_id` int DEFAULT NULL,
  `user_id` int NOT NULL,
  PRIMARY KEY (`id`),
  KEY `django_admin_log_content_type_id_c4bce8eb_fk_django_co` (`content_type_id`),
  KEY `django_admin_log_user_id_c564eba6_fk_auth_user_id` (`user_id`),
  CONSTRAINT `django_admin_log_content_type_id_c4bce8eb_fk_django_co` FOREIGN KEY (`content_type_id`) REFERENCES `django_content_type` (`id`),
  CONSTRAINT `django_admin_log_user_id_c564eba6_fk_auth_user_id` FOREIGN KEY (`user_id`) REFERENCES `auth_user` (`id`),
  CONSTRAINT `django_admin_log_chk_1` CHECK ((`action_flag` >= 0))
) ENGINE=InnoDB DEFAULT CHARSET=utf8mb4 COLLATE=utf8mb4_unicode_ci;
/*!40101 SET character_set_client = @saved_cs_client */;

--
-- Dumping data for table `django_admin_log`
--

LOCK TABLES `django_admin_log` WRITE;
/*!40000 ALTER TABLE `django_admin_log` DISABLE KEYS */;
/*!40000 ALTER TABLE `django_admin_log` ENABLE KEYS */;
UNLOCK TABLES;

--
-- Table structure for table `django_content_type`
--

DROP TABLE IF EXISTS `django_content_type`;
/*!40101 SET @saved_cs_client     = @@character_set_client */;
/*!50503 SET character_set_client = utf8mb4 */;
CREATE TABLE `django_content_type` (
  `id` int NOT NULL AUTO_INCREMENT,
  `app_label` varchar(100) COLLATE utf8mb4_unicode_ci NOT NULL,
  `model` varchar(100) COLLATE utf8mb4_unicode_ci NOT NULL,
  PRIMARY KEY (`id`),
  UNIQUE KEY `django_content_type_app_label_model_76bd3d3b_uniq` (`app_label`,`model`)
) ENGINE=InnoDB AUTO_INCREMENT=10 DEFAULT CHARSET=utf8mb4 COLLATE=utf8mb4_unicode_ci;
/*!40101 SET character_set_client = @saved_cs_client */;

--
-- Dumping data for table `django_content_type`
--

LOCK TABLES `django_content_type` WRITE;
/*!40000 ALTER TABLE `django_content_type` DISABLE KEYS */;
INSERT INTO `django_content_type` VALUES (1,'admin','logentry'),(3,'auth','group'),(2,'auth','permission'),(4,'auth','user'),(5,'contenttypes','contenttype'),(7,'front','countylist'),(9,'front','join'),(8,'front','townlist'),(6,'sessions','session');
/*!40000 ALTER TABLE `django_content_type` ENABLE KEYS */;
UNLOCK TABLES;

--
-- Table structure for table `django_session`
--

DROP TABLE IF EXISTS `django_session`;
/*!40101 SET @saved_cs_client     = @@character_set_client */;
/*!50503 SET character_set_client = utf8mb4 */;
CREATE TABLE `django_session` (
  `session_key` varchar(40) COLLATE utf8mb4_unicode_ci NOT NULL,
  `session_data` longtext COLLATE utf8mb4_unicode_ci NOT NULL,
  `expire_date` datetime(6) NOT NULL,
  PRIMARY KEY (`session_key`),
  KEY `django_session_expire_date_a5c62663` (`expire_date`)
) ENGINE=InnoDB DEFAULT CHARSET=utf8mb4 COLLATE=utf8mb4_unicode_ci;
/*!40101 SET character_set_client = @saved_cs_client */;

--
-- Dumping data for table `django_session`
--

LOCK TABLES `django_session` WRITE;
/*!40000 ALTER TABLE `django_session` DISABLE KEYS */;
/*!40000 ALTER TABLE `django_session` ENABLE KEYS */;
UNLOCK TABLES;

--
-- Table structure for table `front_countylist`
--

DROP TABLE IF EXISTS `front_countylist`;
/*!40101 SET @saved_cs_client     = @@character_set_client */;
/*!50503 SET character_set_client = utf8mb4 */;
CREATE TABLE `front_countylist` (
  `id` bigint NOT NULL AUTO_INCREMENT,
  `county` varchar(5) COLLATE utf8mb4_unicode_ci NOT NULL,
  PRIMARY KEY (`id`)
) ENGINE=InnoDB AUTO_INCREMENT=22 DEFAULT CHARSET=utf8mb4 COLLATE=utf8mb4_unicode_ci;
/*!40101 SET character_set_client = @saved_cs_client */;

--
-- Dumping data for table `front_countylist`
--

LOCK TABLES `front_countylist` WRITE;
/*!40000 ALTER TABLE `front_countylist` DISABLE KEYS */;
INSERT INTO `front_countylist` VALUES (1,'臺南市'),(2,'高雄市'),(3,'花蓮縣'),(4,'臺北市'),(5,'臺中市'),(6,'新北市'),(7,'桃園市'),(8,'彰化縣'),(9,'宜蘭縣'),(10,'南投縣'),(11,'嘉義縣'),(12,'屏東縣'),(13,'臺東縣'),(14,'基隆市'),(15,'新竹市'),(16,'雲林縣'),(17,'嘉義市'),(18,'金門縣'),(19,'新竹縣'),(20,'澎湖縣'),(21,'苗栗縣');
/*!40000 ALTER TABLE `front_countylist` ENABLE KEYS */;
UNLOCK TABLES;

--
-- Table structure for table `front_join`
--

DROP TABLE IF EXISTS `front_join`;
/*!40101 SET @saved_cs_client     = @@character_set_client */;
/*!50503 SET character_set_client = utf8mb4 */;
CREATE TABLE `front_join` (
  `id` bigint NOT NULL AUTO_INCREMENT,
  `name` varchar(255) COLLATE utf8mb4_unicode_ci NOT NULL,
  `phone` varchar(45) COLLATE utf8mb4_unicode_ci NOT NULL,
  `address` varchar(255) COLLATE utf8mb4_unicode_ci NOT NULL,
  `type` varchar(5) COLLATE utf8mb4_unicode_ci NOT NULL,
  `town_id` bigint NOT NULL,
  PRIMARY KEY (`id`),
  KEY `front_join_town_id_59a11b12_fk_front_townlist_id` (`town_id`),
  CONSTRAINT `front_join_town_id_59a11b12_fk_front_townlist_id` FOREIGN KEY (`town_id`) REFERENCES `front_townlist` (`id`)
) ENGINE=InnoDB AUTO_INCREMENT=591 DEFAULT CHARSET=utf8mb4 COLLATE=utf8mb4_unicode_ci;
/*!40101 SET character_set_client = @saved_cs_client */;

--
-- Dumping data for table `front_join`
--

LOCK TABLES `front_join` WRITE;
/*!40000 ALTER TABLE `front_join` DISABLE KEYS */;
INSERT INTO `front_join` VALUES (1,'奇美醫療財團法人奇美醫院','06 -2812811','臺南市永康區中華路901號、臺南市南區樹林街二段442號','醫學中心',1),(2,'長庚醫療財團法人高雄長庚紀念醫院','07 -7317123','高雄市鳥松區大埤路123號','醫學中心',2),(3,'佛教慈濟醫療財團法人花蓮慈濟醫院','03 -8561825','花蓮縣花蓮市中央路3段707號','醫學中心',3),(4,'臺北市立萬芳醫院－委託財團法人臺北醫學大學辦理','02 -29307930','臺北市文山區興隆路3段111號','醫學中心',4),(5,'財團法人私立高雄醫學大學附設中和紀念醫院','07 -3121101','高雄市三民區十全一路100號','醫學中心',5),(6,'中山醫學大學附設醫院','04 -24739595','臺中市南區建國北路一段110號','醫學中心',6),(7,'中國醫藥大學附設醫院','04 -22052121','臺中市北區育德路2號','醫學中心',7),(8,'新光醫療財團法人新光吳火獅紀念醫院','02 -28332211','臺北市士林區文昌路95號及士商路51號1至7樓53、55號','醫學中心',8),(9,'醫療財團法人徐元智先生醫藥基金會亞東紀念醫院','02 -89667000','新北市板橋區南雅南路2段21號及高爾富路300號','醫學中心',9),(10,'台灣基督長老教會馬偕醫療財團法人淡水馬偕紀念醫院','02 -28094661','新北市淡水區民生路45號、民權路47號B1至10樓','醫學中心',10),(11,'長庚醫療財團法人林口長庚紀念醫院','03 -3281200','桃園市龜山區公西里復興街5號、5之7號、文化一路15號','醫學中心',11),(12,'彰化基督教醫療財團法人彰化基督教醫院','04 -7238595','彰化縣彰化市南校街135號、中華路176號、旭光路235、320號','醫學中心',12),(13,'國立臺灣大學醫學院附設醫院','02 -23123456','臺北市中正區中山南路7、8號；常德街1號','醫學中心',13),(14,'國立成功大學醫學院附設醫院','06 -2353535','臺南市北區勝利路138號','醫學中心',14),(15,'三軍總醫院附設民眾診療服務處','02 -87923311','臺北市內湖區成功路2段325號','醫學中心',15),(16,'臺北榮民總醫院','02 -28712121','臺北市北投區石牌路2段201號','醫學中心',16),(17,'高雄榮民總醫院','07 -3422121','高雄市左營區大中一路386號','醫學中心',17),(18,'臺中榮民總醫院','04 -23592525','臺中市西屯區臺灣大道4段 1650號','醫學中心',18),(19,'長庚醫療財團法人台北長庚紀念醫院','02 -27135211','臺北市松山區敦化北路199號','醫學中心',19),(20,'國泰醫療財團法人國泰綜合醫院','02 -27082121','臺北市大安區仁愛路4段280號，266巷6號','醫學中心',20),(21,'台灣基督長老教會馬偕醫療財團法人馬偕紀念醫院','02 -25433535','臺北市中山區中山北路2段92號','醫學中心',21),(22,'台灣基督長老教會馬偕醫療財團法人馬偕兒童醫院','02 -25433535','臺北市中山區中山北路2段92號','醫學中心',21),(23,'行天宮醫療志業醫療財團法人恩主公醫院','02 -26723456','新北市三峽區復興路399號、中山路198、258號','區域醫院',22),(24,'國泰醫療財團法人汐止國泰綜合醫院','02 -26482121','新北市汐止區建成路59巷2號地下4樓至地上12樓','區域醫院',23),(25,'沙爾德聖保祿修女會醫療財團法人聖保祿醫院','03 -3613141','桃園市桃園區建新街123號','區域醫院',24),(26,'醫療財團法人羅許基金會羅東博愛醫院','03 -9543131','宜蘭縣羅東鎮南昌街81、83號及站前南路61、63號','區域醫院',25),(27,'天主教靈醫會醫療財團法人羅東聖母醫院','03 -9544106','宜蘭縣羅東鎮中正南路160號','區域醫院',25),(28,'仁愛醫療財團法人大里仁愛醫院','04 -24819900','臺中市大里區東榮路483號','區域醫院',26),(29,'秀傳醫療財團法人彰濱秀傳紀念醫院','04 -7813888','彰化縣鹿港鎮鹿工路6號、6－2號','區域醫院',27),(30,'埔基醫療財團法人埔里基督教醫院','049-2912151','南投縣埔里鎮愛蘭里鐵山路1號','區域醫院',28),(31,'長庚醫療財團法人嘉義長庚紀念醫院','05 -3621000','嘉義縣朴子市仁和里長庚一路6號及嘉朴路西段8號','區域醫院',29),(32,'佛教慈濟醫療財團法人大林慈濟醫院','05 -2648000','嘉義縣大林鎮平林里民生路2號','區域醫院',30),(33,'義大醫療財團法人義大醫院','07 -6150011','高雄市燕巢區角宿里義大路1號','區域醫院',31),(34,'屏基醫療財團法人屏東基督教醫院','08 -7368686','屏東縣屏東市大連路60號，屏東縣屏東市建豐路2巷113號','區域醫院',32),(35,'臺灣基督教門諾會醫療財團法人門諾醫院','03 -8241234','花蓮縣花蓮市民權路44號','區域醫院',3),(36,'台灣基督長老教會馬偕醫療財團法人台東馬偕紀念醫院','089-310150','臺東縣臺東市長沙街303巷1號','區域醫院',33),(37,'天主教耕莘醫療財團法人耕莘醫院','02 -22193391','新北市新店區中正路362號、車子路15號','區域醫院',34),(38,'澄清綜合醫院','04 -24632000','臺中市中區平等街139號','區域醫院',35),(39,'澄清綜合醫院中港分院','04 -24632000','臺中市西屯區臺灣大道4段966號','區域醫院',18),(40,'敏盛綜合醫院','03 -3179599','桃園市桃園區經國路168號、三民路三段106號','區域醫院',24),(41,'聯新國際醫院','03 -4941234','桃園市平鎮區廣泰路77號、延平路二段430巷115號','區域醫院',36),(42,'臺北市立聯合醫院','02 -25553000','臺北市大同區鄭州路145號（代表）','區域醫院',37),(43,'高雄市立大同醫院（委託財團法人私立高雄醫學大學附設中和紀念','07 -2911101','高雄市前金區中華三路68號','區域醫院',38),(44,'衛生福利部基隆醫院','02 -24292525','基隆市信義區信二路268號','區域醫院',39),(45,'衛生福利部臺中醫院','04 -22294411','臺中市西區三民路一段199號','區域醫院',40),(46,'衛生福利部臺南醫院','06 -2200055','臺南市中西區中山路125號','區域醫院',41),(47,'新北市立聯合醫院','02 -29829111','新北市三重區新北大道1段3號、3之1號、板橋區英士路198號','區域醫院',42),(48,'衛生福利部臺北醫院','02 -22765566','新北市新莊區思源路127號、新北巿新莊區長青街6號2樓、3樓','區域醫院',43),(49,'衛生福利部桃園醫院','03 -3699721','桃園市桃園區中山路1492號','區域醫院',24),(50,'衛生福利部豐原醫院','04 -25271180','臺中市豐原區安康路100號','區域醫院',44),(51,'衛生福利部彰化醫院','04 -8298686','彰化縣埔心鄉舊館村中正路二段80號','區域醫院',45),(52,'衛生福利部南投醫院','049-2231150','南投縣南投市康壽里復興路478號','區域醫院',46),(53,'國立臺灣大學醫學院附設醫院新竹臺大分院新竹醫院','03 -5326151','新竹市北區金華里經國路一段442巷25號','區域醫院',47),(54,'國立陽明交通大學附設醫院','03 -9325192','宜蘭縣宜蘭市校舍路169號、新民路152號','區域醫院',48),(55,'國立臺灣大學醫學院附設醫院雲林分院','05 -5323911','雲林縣斗六市雲林路二段579號','區域醫院',49),(56,'三軍總醫院松山分院附設民眾診療服務處','02 -27642151','臺北市松山區健康路131號','區域醫院',19),(57,'國軍高雄總醫院左營分院附設民眾診療服務處','07 -5817121','高雄市左營區合群里軍校路553號','區域醫院',17),(58,'國軍高雄總醫院附設民眾診療服務處','07 -7496751','高雄市苓雅區建軍路5號','區域醫院',50),(59,'國軍桃園總醫院附設民眾診療服務處','03 -4799595','桃園市龍潭區中興里中興路168號','區域醫院',51),(60,'國軍台中總醫院附設民眾診療服務處','04 -23934191','臺中市太平區中山路2段348號','區域醫院',52),(61,'臺北榮民總醫院桃園分院','03 -3384889','桃園市桃園區成功路三段100號','區域醫院',24),(62,'阮綜合醫療社團法人阮綜合醫院','07 -3351121','高雄市苓雅區成功一路162號.四維四路136號.166號.永昌街49號','區域醫院',50),(63,'台南市立醫院(委託秀傳醫療社團法人經營)','06 -2609926','臺南市東區崇德路670號','區域醫院',53),(64,'林新醫療社團法人林新醫院','04 -22586688','臺中市南屯區惠中路3段36號','區域醫院',54),(65,'天成醫療社團法人天晟醫院','03 -4629292','桃園市中壢區延平路155號','區域醫院',55),(66,'光田醫療社團法人光田綜合醫院','04 -26625111','臺中市沙鹿區沙田路117號','區域醫院',56),(67,'童綜合醫療社團法人童綜合醫院','04 -26581919','臺中市梧棲區臺灣大道八段699號','區域醫院',57),(68,'秀傳醫療社團法人秀傳紀念醫院','04 -7256166','彰化縣彰化市南瑤里中山路1段542號','區域醫院',12),(69,'寶建醫療社團法人寶建醫院','08 -7665995','屏東縣屏東市中山路119.123號.自由路650－1號Ｂ1','區域醫院',32),(70,'基督復臨安息日會醫療財團法人臺安醫院','02 -27718151','臺北市松山區八德路2段424、426號','區域醫院',19),(71,'振興醫療財團法人振興醫院','02 -28264400','臺北市北投區振興街45號','區域醫院',16),(72,'高雄市立小港醫院（委託財團法人私立高雄醫學大學經營）','07 -8036783','高雄市小港區山明里山明路482號Ｂ1－10樓','區域醫院',58),(73,'台灣基督長老教會新樓醫療財團法人麻豆新樓醫院','06 -5702228','臺南市麻豆區麻佳路一段207號','區域醫院',59),(74,'臺北醫學大學附設醫院','02 -27372181','臺北市信義區吳興街252號、250號','區域醫院',60),(75,'臺南市立安南醫院-委託中國醫藥大學興建經營','06 -3553111','臺南市安南區長和路二段66號','區域醫院',61),(76,'衛生福利部雙和醫院〈委託臺北醫學大學興建經營〉','02 -22490088','新北市中和區中正路291號','區域醫院',62),(77,'輔英科技大學附設醫院','08 -8323146','屏東縣東港鎮興台里中山路5號','區域醫院',63),(78,'長庚醫療財團法人基隆長庚紀念醫院','02 -24313131','基隆市安樂區麥金路222號、基隆市麥金路201號','區域醫院',64),(79,'台灣基督長老教會馬偕醫療財團法人新竹馬偕紀念醫院','03 -6119595','新竹市東區光復路二段690號','區域醫院',65),(80,'台灣基督長老教會新樓醫療財團法人台南新樓醫院','06 -2748316','臺南市東區泉北里東門路1段57號','區域醫院',53),(81,'戴德森醫療財團法人嘉義基督教醫院','05 -2765041','嘉義市東區中庄里忠孝路539號、642號、保健街100號','區域醫院',66),(82,'天主教中華聖母修女會醫療財團法人天主教聖馬爾定醫院','05 -2756000','嘉義市東區大雅路二段565號','區域醫院',66),(83,'佛教慈濟醫療財團法人台北慈濟醫院','02 -66289779','新北市新店區建國路289號','區域醫院',34),(84,'高雄市立民生醫院','07 -7511131','高雄市苓雅區凱旋二路134號及132號5樓','地區醫院',50),(85,'衛生福利部朴子醫院','05 -3790600','嘉義縣朴子市永和里42－50號','地區醫院',29),(86,'衛生福利部旗山醫院','07 -6613811','高雄市旗山區大德里中學路60號','地區醫院',67),(87,'衛生福利部花蓮醫院','03 -8358141','花蓮縣花蓮市中正路600號','地區醫院',3),(88,'衛生福利部臺東醫院','089-324112','臺東縣臺東市五權街1號','地區醫院',33),(89,'衛生福利部金門醫院','082-332546','金門縣金湖鎮復興路2號、烈嶼鄉上林村后井37號（烈嶼院區）','地區醫院',68),(90,'國立臺灣大學醫學院附設醫院癌醫中心分院','02 -23220322','臺北市大安區基隆路3段155巷57號','地區醫院',20),(91,'國立臺灣大學醫學院附設醫院北護分院','02 -23717101','臺北市萬華區康定路37號、臺北市萬華區內江街87號','地區醫院',69),(92,'國立臺灣大學醫學院附設醫院新竹臺大分院生醫醫院','03 -6677600','新竹縣竹北市生醫路一段2號','地區醫院',70),(93,'國軍桃園總醫院新竹分院附設民眾診療服務處','03 -5348181','新竹市北區武陵路3號','地區醫院',47),(94,'三軍總醫院澎湖分院附設民眾診療服務處','06 -9211116','澎湖縣馬公市前寮里90號','地區醫院',71),(95,'高雄榮民總醫院臺南分院','06 -3125101','臺南市永康區復興里復興路427號','地區醫院',1),(96,'中山醫療社團法人中山醫院','02 -27081166','臺北市大安區仁愛路4段112巷11號','地區醫院',20),(97,'郵政醫院（委託中英醫療社團法人經營）','02 -23956755','臺北市中正區福州街14號','地區醫院',13),(98,'西園醫療社團法人西園醫院','02 -23076968','臺北市萬華區西園路2段266～274號、185、187號','地區醫院',69),(99,'林新醫療社團法人烏日林新醫院','04 -23388766','臺中市烏日區榮和路168號','地區醫院',72),(100,'惠來醫療社團法人宏仁醫院','04 -8375878','彰化縣員林市惠來街89號、91號','地區醫院',73),(101,'中心診所醫療財團法人中心綜合醫院','02 -27510221','臺北市大安區忠孝東路4段77號','地區醫院',20),(102,'義大醫療財團法人義大癌治療醫院','07 -6150022','高雄市燕巢區角宿里義大路21號Ｂ2－10樓','地區醫院',31),(103,'義大醫療財團法人義大大昌醫院','07 -5599123','高雄市三民區大昌一路305號地下3樓至7樓','地區醫院',5),(104,'國泰醫療財團法人新竹國泰綜合醫院','03 -5278999','新竹市東區福德里中華路二段678號及678號之1','地區醫院',65),(105,'新北市立土城醫院（委託長庚醫療財團法人興建經營）','02 -22630588','新北市土城區金城路2段6號','地區醫院',74),(106,'長庚醫療財團法人桃園長庚紀念醫院','03 -3196200','桃園市龜山區頂湖路123號、123之1號','地區醫院',11),(107,'彰化基督教醫療財團法人雲林基督教醫院','05 -5871111','雲林縣西螺鎮新豐里市場南路371、375號','地區醫院',75),(108,'信義醫療財團法人高雄基督教醫院','07 -3321111','高雄市苓雅區華新街86號','地區醫院',50),(109,'天主教耕莘醫療財團法人永和耕莘醫院','02 -29286060','新北市永和區中興街80號Ｂ1-7樓、國光路123號Ｂ3-11樓','地區醫院',76),(110,'輔仁大學學校財團法人輔仁大學附設醫院','02 -85128888','新北市泰山區貴子路69號（地下4層、地上1至9層及13層）','地區醫院',77),(111,'財團法人台灣省私立台北仁濟院附設仁濟醫院','02 -23021133','臺北市萬華區廣州街200、243號','地區醫院',69),(112,'醫療財團法人臺灣區煤礦業基金會臺灣礦工醫院','02 -24579101','基隆市暖暖區源遠路29號','地區醫院',78),(113,'博仁綜合醫院','02 -25786677','臺北市松山區光復北路66、68號','地區醫院',19),(114,'秀傳醫院','02 -27717172','臺北市大安區光復南路116巷1、3、5號1至4樓及地下1樓','地區醫院',20),(115,'茂盛醫院','04 -22347057','臺中市北屯區昌平路一段30－6號（1樓至4樓）','地區醫院',79),(116,'台新醫院','04 -22139966','臺中市東區東信里振興路439－3號及441號','地區醫院',80),(117,'郭綜合醫院','06 -2221111','臺南市中西區民生路二段18．20．22．23．24．25．27號','地區醫院',41),(118,'南西維格皮膚科診所','02 -25555575','臺北市大同區南京西路22號3樓－1、3樓－2','診所',37),(119,'志勛皮膚科診所','02 -25522717','臺北市大同區重慶北路2段2、4號實際營業地址1、2及3樓','診所',37),(120,'國泰聯合診所','03 -8542031','花蓮縣花蓮市中華路459號','診所',3),(121,'王清淵皮膚科診所','03 -8346611','花蓮縣花蓮市商校街176號','診所',3),(122,'郭文勵皮膚科診所','03 -8360968','花蓮縣花蓮市國魂里中山路533之5號','診所',3),(123,'京硯皮膚科診所','02 -2503-1076','臺北市中山區長春路210號、212號、212之1，之2號','診所',21),(124,'群英楊麗珍黃景昱皮膚科診所','02 -25678895','臺北市中山區南京東路1段36號3樓','診所',21),(125,'尚安診所','02 -25185210','臺北市中山區復興北路350號3樓','診所',21),(126,'杰膚美診所','02 -87726625','臺北市中山區復興北路50號2樓','診所',21),(127,'魏嘉宏皮膚科診所','02 -25077500','臺北市中山區民權東路3段72號（實際營業：1層、2層）','診所',21),(128,'陳東佑皮膚科診所','089-327448','臺東縣臺東市中正路338號','診所',33),(129,'王眾舉皮膚科診所','089-335116','臺東縣臺東市四維路三段46號','診所',33),(130,'汪皮膚科診所','089-320099','臺東縣臺東市更生路105號','診所',33),(131,'陳毅書皮膚科診所','082-326787','金門縣金城鎮珠浦北路5巷12弄13號','診所',81),(132,'林怡廷皮膚科診所','082-322986','金門縣金城鎮莒光路178號','診所',81),(133,'優勢皮膚科診所','02 -26546681','臺北市南港區玉成街140巷11弄2號','診所',82),(134,'雙林皮膚科診所','02 -28111116','臺北市士林區社子街28號','診所',8),(135,'天母皮膚科診所','02 -28326601','臺北市士林區德行東路90巷33弄10號1樓','診所',8),(136,'林志聰皮膚科診所','02 -28327989','臺北市士林區文昌路26號','診所',8),(137,'揚名皮膚科診所','02 -28910315','臺北市北投區中央北路2段66號','診所',16),(138,'劉明真皮膚科診所','02 -28224735','臺北市北投區石牌路2段116號2樓','診所',16),(139,'洪志淳皮膚科診所','02 -28940110','臺北市北投區中央南路1段185號1樓','診所',16),(140,'芯悅皮膚科診所','02 -28276618','臺北市北投區石牌路1段57號1、2樓','診所',16),(141,'尹書田醫療財團法人書田泌尿科眼科診所','02 -23690211','臺北市大安區建國南路2段276號1樓、278號1樓','診所',20),(142,'國泰醫療財團法人內湖國泰診所','02 -87972121','臺北市內湖區瑞光路337號（1、2、3、4樓）','診所',15),(143,'醫療財團法人徐元智先生醫藥基金會遠東聯合診所','02 -23111525','臺北市中正區永綏街8至14號','診所',13),(144,'達美皮膚專科診所','02 -27920218','臺北市內湖區成功路4段220號1樓2樓','診所',15),(145,'汎美皮膚科診所','02 -27920075','臺北市內湖區成功路3段161號','診所',15),(146,'麗心診所','02 -27944939','臺北市內湖區成功路4段2號3樓6號3樓','診所',15),(147,'東湖皮膚專科診所','02 -26305270','臺北市內湖區東湖路153號','診所',15),(148,'湖光皮膚專科診所','02 -27927102','臺北市內湖區成功路4段59之1號3樓','診所',15),(149,'成功皮膚科診所','02 -27938566','臺北市內湖區成功路3段162－1號1樓、164號1樓','診所',15),(150,'辰星皮膚專科診所','02 -27995090','臺北市內湖區內湖路1段635號','診所',15),(151,'晴渼皮膚專科診所','02 -26575636','臺北市內湖區內湖路1段667巷3號、5號','診所',15),(152,'隆美皮膚科診所','02 -27880391','臺北市南港區忠孝東路7段621號','診所',82),(153,'杏美皮膚科診所','02 -28715431','臺北市士林區天母西路40－1號2樓','診所',8),(154,'蘇惠珍皮膚科診所','02 -28383090','臺北市士林區忠義街83號','診所',8),(155,'仁友皮膚科診所','02 -28816131','臺北市士林區美德街22－1號1樓','診所',8),(156,'羅氏皮膚科診所','02 -28743222','臺北市士林區中山北路7段14巷2號2樓','診所',8),(157,'榮庚皮膚專科診所','02 -28342633','臺北市士林區中正路210之1號1樓','診所',8),(158,'楊是韻皮膚科診所','02 -28335608','臺北市士林區中山北路6段298號1樓','診所',8),(159,'淨美皮膚科診所','02 -28816099','臺北市士林區文林路317號（實際實用1、2樓）','診所',8),(160,'和謙耳鼻喉科診所','02 -28165678','臺北市士林區社中街362號1樓','診所',8),(161,'邱耳鼻喉科診所','02 -28279222','臺北市北投區石牌路1段23號1、2樓','診所',16),(162,'卓玉麗皮膚專科診所','02 -28262838','臺北市北投區東華街1段52號1樓、58號1樓','診所',16),(163,'李士虹皮膚科診所','02 -25454546','臺北市松山區民權東路3段136號3樓－1','診所',19),(164,'泛亞皮膚科整形外科診所','02 -27529999','臺北市松山區復興北路35號4樓','診所',19),(165,'李承鴻皮膚科診所','02 -28229885','臺北市北投區西安街1段189號1樓、2樓、2樓之1','診所',16),(166,'紀皮膚科診所','02 -28224849','臺北市北投區石牌路2段55號2樓、57號、57號2樓','診所',16),(167,'美佳皮膚科診所','02 -25795774','臺北市松山區八德路3段164號2樓','診所',19),(168,'王貞乃皮膚科診所','02 -25475127','臺北市松山區民生東路4段80巷6弄7號','診所',19),(169,'趙彥宇邱慧嫻皮膚科聯合診所','02 -25454035','臺北市松山區慶城街8－1號3樓及8號3樓','診所',19),(170,'京華皮膚科診所','02 -25701068','臺北市松山區八德路3段238號','診所',19),(171,'閎新耳鼻喉科皮膚科聯合診所','02 -25779898','臺北市松山區八德路3段20－2號','診所',19),(172,'立悅皮膚科診所','02 -25282160','臺北市松山區南京東路5段46號4樓','診所',19),(173,'黃禎憲皮膚科診所','02 -23673232','臺北市大安區師大路71號2樓及77號','診所',20),(174,'啟誠聯合診所','02 -23784380','臺北市大安區和平東路2段120號1．2．3，4樓','診所',20),(175,'黃崇禮皮膚科診所','02 -27053055','臺北市大安區信義路3段192－1號3樓','診所',20),(176,'于賓診所','02 -27215996','臺北市大安區忠孝東路3段305號7樓之4、5、6','診所',20),(177,'游鴻儒皮膚科診所','02 -87719911','臺北市大安區仁愛路4段151巷36號2樓','診所',20),(178,'華漾皮膚專科診所','02 -33222211','臺北市大安區金華街249號','診所',20),(179,'鍾啟榮皮膚科診所','02 -27716767','臺北市大安區敦化南路1段200號3樓之1','診所',20),(180,'曾皮膚科診所','02 -33222386','臺北市大安區信義路2段38號1樓','診所',20),(181,'尚行美皮膚專科診所','02 -27512066','臺北市大安區光復南路288號2樓之5、4樓之3','診所',20),(182,'捷靚皮膚專科診所','02 -27076606','臺北市大安區信義路4段45號3樓－3','診所',20),(183,'雅丰美膚診所','02 -87735306','臺北市大安區忠孝東路4段221號5樓','診所',20),(184,'王修含皮膚科診所','02 -27812100','臺北市大安區忠孝東路4段333號4樓','診所',20),(185,'延吉美皮膚專科診所','02 -87718906','臺北市大安區忠孝東路4段250號3樓之1、3樓之2','診所',20),(186,'木木日安皮膚專科診所','02 -27787178','臺北市大安區復興南路1段81號1樓及79巷2號2樓之3','診所',20),(187,'大安皮膚專科診所','02 -23581115','臺北市大安區新生南路2段8之1號2樓','診所',20),(188,'蔡皮膚科診所','02 -25575287','臺北市大同區重慶北路2段115號','診所',37),(189,'台北聖仁皮膚科診所','02 -25558688','臺北市大同區南京西路71號2樓','診所',37),(190,'林仲皮膚科診所','02 -25525138','臺北市大同區延平北路2段20號','診所',37),(191,'北安聯合診所','02 -25337777','臺北市中山區北安路569之1號2樓．之2、3、4號1、2樓','診所',21),(192,'蔡仁雨皮膚科診所','02 -25165661','臺北市中山區南京東路3段118號3樓','診所',21),(193,'王俊民皮膚科診所','02 -25091982','臺北市中山區松江路127－1號3樓','診所',21),(194,'民生承安診所','02 -25032633','臺北市中山區民生東路3段90號1、2樓','診所',21),(195,'黃郁琳皮膚科診所','02 -28911578','臺北市北投區中央北路1段42號','診所',16),(196,'心樂是診所','02 -28210261','臺北市北投區致遠一路2段105號1樓','診所',16),(197,'黃正麟皮膚科診所','02 -23450957','臺北市信義區忠孝東路5段470號2樓','診所',60),(198,'陳國泰皮膚科診所','02 -27667725','臺北市信義區松山路224號1樓','診所',60),(199,'美麗信義皮膚科診所','02 -27672272','臺北市信義區忠孝東路5段145號','診所',60),(200,'髮拉儷皮膚科診所','02 -27565558','臺北市信義區忠孝東路5段139號4樓','診所',60),(201,'飛悅皮膚科診所','02 -27272020','臺北市信義區忠孝東路5段508號、508號地下','診所',60),(202,'幫痘氏皮膚科診所','02 -87875123','臺北市信義區忠孝東路5段291號2樓','診所',60),(203,'愛利膚皮膚科診所','02 -27584568','臺北市信義區莊敬路366號','診所',60),(204,'雅偲皮膚科診所','02 -27600055','臺北市信義區忠孝東路4段563號6樓、6樓之2','診所',60),(205,'星采皮膚專科診所','02 -23951167','臺北市中正區羅斯福路1段32號2樓','診所',13),(206,'祈約美醫皮膚科診所','02 -33221778','臺北市中正區忠孝東路1段13號7樓','診所',13),(207,'古亭光澤診所','02 -23686181','臺北市中正區羅斯福路2段116號、116號2樓、2樓之1','診所',13),(208,'蔣富強皮膚專科診所','02 -23053232','臺北市萬華區萬大路264號、264號2樓','診所',69),(209,'黃健勇皮膚科診所','02 -23115488','臺北市萬華區成都路97號（實際營業地址：1、2）','診所',69),(210,'黃皮膚科診所','02 -29349151','臺北市文山區興隆路3段79巷5號1、2樓','診所',4),(211,'漂亮１０１皮膚科診所','02 -29329549','臺北市文山區羅斯福路6段391－1號2樓','診所',4),(212,'邱成湦皮膚專科診所','02 -29382288','臺北市文山區興隆路4段163號、163之1號（1樓及夾層）','診所',4),(213,'夏安皮膚專科診所','02 -86638099','臺北市文山區興隆路3段26號（1樓）','診所',4),(214,'佳鴻診所','02 -29333096','臺北市文山區羅斯福路6段256號1樓','診所',4),(215,'葉俊杰皮膚科診所','07 -5512358','高雄市鼓山區峰南里千光路10號','診所',83),(216,'黃柏翰皮膚科診所','07 -5501711','高雄市鼓山區大順一路823號','診所',83),(217,'彭賢禮皮膚科診所','07 -5838868','高雄市左營區左營大路103號一．二．三樓','診所',17),(218,'黃慧光皮膚科診所','07 -3615530','高雄市左營區後昌路631號1－4樓','診所',17),(219,'榮南皮膚科診所','07 -5575757','高雄市左營區忠言路146號','診所',17),(220,'常玉皮膚科診所','07 -5506011','高雄市左營區自由二路336號1樓','診所',17),(221,'蔡佳祝皮膚科診所','07 -3502290','高雄市左營區崇德路287．289號1．2樓','診所',17),(222,'河堤美先皮膚科診所','07 -9745111','高雄市左營區明誠二路180號1、2樓','診所',17),(223,'健志耳鼻喉科診所','07 -3432201','高雄市左營區新庄仔路201號1樓','診所',17),(224,'馮文瑋皮膚專科診所','07 -3520333','高雄市楠梓區楠梓新路156號1樓','診所',84),(225,'高照星皮膚科診所','07 -3220664','高雄市三民區九如二路275．277號一樓','診所',5),(226,'邱坤興皮膚科診所','07 -3483437','高雄市三民區明誠一路828號830號1－3樓','診所',5),(227,'洪肇志皮膚科診所','07 -3830477','高雄市三民區建工路312號1樓','診所',5),(228,'博泰皮膚科診所','07 -3808709','高雄市三民區陽明路213號一樓','診所',5),(229,'施宗賢皮膚科診所','07 -3829996','高雄市三民區建工路618號1－2樓','診所',5),(230,'邱弘璨皮膚科診所','07 -2225085','高雄市新興區六合路183號2樓','診所',85),(231,'文中皮膚科診所','07 -2271309','高雄市新興區五福二路68號一樓二樓','診所',85),(232,'維格皮膚科診所','07 -2291237','高雄市新興區五福一路120號1樓2樓及夾層','診所',85),(233,'洪洲群皮膚科診所','07 -2228883','高雄市新興區青年一路146號1樓','診所',85),(234,'福嶽皮膚科診所','07 -2210500','高雄市前金區中正四路79之1號1，2樓','診所',38),(235,'王銘燦皮膚科診所','07 -2618500','高雄市前金區民生二路129號一樓','診所',38),(236,'薛強文皮膚科診所','07 -2419826','高雄市前金區中華三路80號1樓','診所',38),(237,'吳信良皮膚科診所','07 -3348880','高雄市苓雅區昇平街37號','診所',50),(238,'莘雅皮膚科診所','07 -7250147','高雄市苓雅區三多二路317號1．2樓','診所',50),(239,'佳祈皮膚科診所','07 -7224266','高雄市苓雅區光華一路148－43號1樓','診所',50),(240,'宗天一皮膚科診所','07 -5361100','高雄市苓雅區四維三路121－3號(1樓)','診所',50),(241,'姚清華皮膚科診所','07 -5377624','高雄市前鎮區三多二路429號1樓','診所',86),(242,'張世明皮膚科診所','07 -3388039','高雄市前鎮區一心二路159號2Ｆ','診所',86),(243,'蔡昌篤皮膚科診所','07 -3325473','高雄市前鎮區一心一路498號1．2樓','診所',86),(244,'聖心皮膚科診所','07 -8013570','高雄市小港區漢民路196號一樓','診所',58),(245,'謝子偉皮膚科診所','07 -8038535','高雄市小港區六苓里漢民路519號1樓2樓','診所',58),(246,'張和興皮膚科診所','04 -26655026','臺中市沙鹿區光華路326號1樓','診所',56),(247,'葉育霖皮膚科診所','04 -23511686','臺中市太平區中興路80號1樓','診所',52),(248,'啟禾皮膚科診所','04 -24812699','臺中市大里區大明路187號1樓、2樓','診所',26),(249,'郭康凌皮膚科診所','04 -22653666','臺中市南區高工路66號、68號1樓、2樓、3樓','診所',6),(250,'妍蓁皮膚科診所','04 -22364409','臺中市北區健行路362號1、2樓','診所',7),(251,'真心皮膚科診所','04 -22086606','臺中市北區忠明路167號1、2、3樓','診所',7),(252,'施朝仁皮膚科診所','04 -23113888','臺中市西屯區漢口路二段24號1樓','診所',18),(253,'陳冠宇皮膚科診所','04 -27070383','臺中市西屯區青海路二段240之10號1樓、2樓','診所',18),(254,'羅棋守皮膚科診所','04 -23127772','臺中市西屯區文心路三段530號（1樓）、530之2號（2樓）','診所',18),(255,'文心皮膚科診所','04 -23109070','臺中市西屯區文心路二段562號1樓','診所',18),(256,'弘悅皮膚科診所','04 -24610600','臺中市西屯區西屯路三段159－15號1、2樓','診所',18),(257,'承智皮膚科診所','04 -22545688','臺中市南屯區三義里黎明路二段452號1、2樓及夾層','診所',54),(258,'莊詠婷皮膚科診所','04 -22500888','臺中市南屯區文心路一段491號1樓','診所',54),(259,'禾揚皮膚科診所','04 -23825811','臺中市南屯區黎明路二段231號1樓','診所',54),(260,'諾貝爾眼科皮膚科診所','04 -22593456','臺中市南屯區公益路二段330號1、2、3、4樓','診所',54),(261,'張基亮皮膚科診所','04 -22430222','臺中市北屯區綏遠路二段181號1樓','診所',79),(262,'王鼎舜皮膚科診所','04 -24738473','臺中市北屯區軍功路一段509－1號1、2樓、511號1樓','診所',79),(263,'名家皮膚科診所','06 -6377899','臺南市新營區大宏里三民路76－11、12號1、2樓','診所',87),(264,'文化皮膚科診所','06 -3386397','臺南市歸仁區文化街二段147號1、2樓','診所',88),(265,'陳立軒皮膚科診所','06 -2017611','臺南市永康區埔園里中山路198號1、2、3樓','診所',1),(266,'漾格爾皮膚科診所','06 -3022686','臺南市永康區安康里中華路729之1號1樓','診所',1),(267,'藝群皮膚科診所','06 -3316222','臺南市東區裕聖里裕義路332號1、2、3、4樓','診所',53),(268,'康錦華皮膚專科診所','06 -2002778','臺南市東區東明里怡東路72巷2號1樓','診所',53),(269,'蕭嘉蓉皮膚科專科診所','06 -2645955','臺南市南區大成里健康路一段415號2樓、417號1樓','診所',89),(270,'漾麗皮膚科診所','06 -2933329','臺南市中西區大涼里府前路二段271號1－2樓','診所',41),(271,'郭育宏皮膚專科診所','06 -2214362','臺南市北區公園里北門路二段37號1樓','診所',14),(272,'北安勤美皮膚科診所','06 -2513009','臺南市北區成功里北安路一段210號1－3樓','診所',14),(273,'吳孟輯皮膚科診所','06 -2826655','臺南市安南區安和里安和路一段80號1樓','診所',61),(274,'麗百加皮膚科診所','06 -3588490','臺南市安南區溪墘里海佃路一段168號1樓','診所',61),(275,'楊為理皮膚科診所','06 -2970500','臺南市安平區國平里華平路146─5號1樓','診所',90),(276,'李文豪皮膚科診所','07 -7108669','高雄市鳳山區中和里自由路428號','診所',91),(277,'麗竹皮膚科診所','07 -6963617','高雄市路竹區金平路392號1樓','診所',92),(278,'許晴哲皮膚科診所','07 -5868101','高雄市鼓山區裕誠路1025號1樓','診所',83),(279,'蔡雅敏皮膚科診所','07 -5520933','高雄市鼓山區青海路283號1樓','診所',83),(280,'國際皮膚科診所','07 -5868967','高雄市鼓山區美術館路151號1樓','診所',83),(281,'自由維格診所','07 -5509237','高雄市左營區自由二路98號1－5樓','診所',17),(282,'林政賢皮膚科診所','07 -3454189','高雄市左營區華夏路718號1－2樓','診所',17),(283,'彤曜時尚診所','07 -5571988','高雄市左營區明華一路169號1－3樓','診所',17),(284,'吳唯銘皮膚專科診所','07 -3454031','高雄市左營區博愛三路392號1－2樓','診所',17),(285,'勻禾妍美學健康診所','07 -3431666','高雄市左營區文學路25號1－2－3樓','診所',17),(286,'許成名皮膚科診所','07 -5858988','高雄市左營區翠峰路59號1樓','診所',17),(287,'陳嘉偉皮膚科診所','07 -3647696','高雄市楠梓區後昌路766號1－2樓','診所',84),(288,'陳柏宏皮膚科診所','07 -3822020','高雄市三民區建工路553號1-2樓','診所',5),(289,'陳金源皮膚科診所','07 -2853213','高雄市三民區河北二路112之13號1樓','診所',5),(290,'張賴妙珣皮膚科診所','07 -3982026','高雄市三民區澄清路511號1樓','診所',5),(291,'懿聖皮膚科診所','07 -3509106','高雄市三民區鼎力路256號1樓','診所',5),(292,'翰穎皮膚科診所','07 -7679909','高雄市三民區文濱路33號1－4樓','診所',5),(293,'柏美皮膚科診所','07 -2231897','高雄市苓雅區同慶路136號1、2樓','診所',50),(294,'蘇雍順皮膚專科診所','07 -7217717','高雄市前鎮區公正路162號1樓、2樓','診所',86),(295,'陳怡穎皮膚科診所','02 -24276789','基隆市中正區義二路65-1號1樓','診所',93),(296,'廖國棟皮膚科診所','02 -24291166','基隆市中正區義一路66號','診所',93),(297,'孫皮膚科診所','02 -24245050','基隆市仁愛區愛三路120號3樓','診所',94),(298,'江文標皮膚科診所','02 -24278759','基隆市仁愛區愛三路120號6樓','診所',94),(299,'林冠賢皮膚科診所','03 -5321313','新竹市東區民族路158-2號','診所',65),(300,'林祺彬皮膚科診所','03 -5350566','新竹市東區復中里中央路260號1F、2F','診所',65),(301,'阮皮膚科診所','03 -5753256','新竹市東區建中路77號1樓','診所',65),(302,'愛生美皮膚科診所','03 -5335035','新竹市東區復中里民權路177號','診所',65),(303,'綺色佳診所','03 -5351315','新竹市東區中央路128號2樓','診所',65),(304,'林亮辰皮膚專科診所','03 -5329660','新竹市東區三民里民族路89號1樓','診所',65),(305,'英群莊皮膚科診所','03 -5261092','新竹市北區中興里北大路 203號1－2樓','診所',47),(306,'廖文瑜皮膚科診所','03 -5223855','新竹市北區客雅里延平路一段165號','診所',47),(307,'陳皮膚科診所','04 -22252067','臺中市中區台灣大道一段542號 1樓','診所',35),(308,'楊皮膚科診所','04 -22275079','臺中市中區大墩里民族路155號','診所',35),(309,'高嘉君保漾皮膚科診所','04 -22231122','臺中市東區臺中路31號1．2樓','診所',80),(310,'鄒幼君皮膚科診所','04 -23224418','臺中市西區公益路226號','診所',40),(311,'廣澤皮膚科診所','04 -23285578','臺中市西區公正里向上路1段392號1樓','診所',40),(312,'賴憲宏皮膚科診所','04 -23027868','臺中市西區昇平里向上路1段279號1樓','診所',40),(313,'廖錫勳皮膚科診所','04 -23270198','臺中市西區公正里公益路361號','診所',40),(314,'建州皮膚科診所','04 -23780088','臺中市西區吉龍里美村路1段658號1Ｆ','診所',40),(315,'家妍診所','04 -23282888','臺中市西區忠明里美村路一段65號1–4樓','診所',40),(316,'三世聯合診所林芳如皮膚科診所','04 -22225688','臺中市西區五權路29號2樓','診所',40),(317,'杏倫皮膚科診所','04 -23019098','臺中市西區向上路1段42號1樓','診所',40),(318,'吳孟澤皮膚科診所','04 -23759268','臺中市西區五權西四街47號1、2樓及49號1、2樓','診所',40),(319,'李芳樑皮膚科診所','04 -22611866','臺中市南區復興路2段34–1號','診所',6),(320,'袁上雯皮膚科診所','04 -22652000','臺中市南區高工路325號1樓','診所',6),(321,'林皮膚科診所','04 -22024045','臺中市北區中清路1段77號','診所',7),(322,'李元丕皮膚科診所','04 -22333800','臺中市北區賴厝里進化北路378－3號','診所',7),(323,'清榮皮膚泌尿科診所','04 -22294279','臺中市北區臺灣大道1段643號1樓','診所',7),(324,'蓮華診所','04 -22368634','臺中市北區頂厝里崇德路1段639號','診所',7),(325,'成美皮膚科診所','04 -22247711','臺中市北區新北里三民路三段210–2號','診所',7),(326,'賴啟賢皮膚科診所','04 -22311993','臺中市北區錦洲里進化路632之1，636號1，2Ｆ','診所',7),(327,'許百睿皮膚科診所','04 -22971010','臺中市北區中清路1段 538號1樓、2樓','診所',7),(328,'陳駿逸皮膚科診所','04 -24519589','臺中市西屯區黎明路3段217號1樓','診所',18),(329,'劉正義皮膚科診所','04 -24617280','臺中市西屯區西屯路3段164之12號1．2樓','診所',18),(330,'莫亞皮膚科診所','04 -23143016','臺中市西屯區臺灣大道路2段738號1樓','診所',18),(331,'林俊樑診所','04 -23823885','臺中市南屯區黎明路1段1106號1樓','診所',54),(332,'明星皮膚科診所','04 -23288133','臺中市南屯區溝墘里大墩路828號1樓','診所',54),(333,'東家皮膚科診所','04 -24738358','臺中市南屯區東興路2段65號1樓','診所',54),(334,'廖年昌皮膚科診所','04 -22928893','臺中市北屯區文心路三段1031號1樓.1033號1樓','診所',79),(335,'王義輝皮膚科診所','04 -22965052','臺中市北屯區中清路2段355號','診所',79),(336,'白佳昇皮膚科診所','04 -22346239','臺中市北屯區三光里北屯路198–6號','診所',79),(337,'黃千銘皮膚科診所','04 -22429231','臺中市北屯區大連路二段279號1樓','診所',79),(338,'鍾政瑾皮膚科診所','04 -22467890','臺中市北屯區崇德2路1段142－2號1樓、2樓','診所',79),(339,'王肇陽皮膚科診所','06 -2891634','臺南市東區德光里崇明路79號','診所',53),(340,'黃輝鵬皮膚科診所','06 -2682696','臺南市東區崇德路283號','診所',53),(341,'麥鎮平皮膚科診所','06 -2342219','臺南市東區長榮路三段129號','診所',53),(342,'許乃仁皮膚科診所','06 -2893766','臺南市東區崇德里崇德路563、563之1號1樓','診所',53),(343,'張宏任皮膚科診所','06 -2386682','臺南市東區東寧路178號1樓','診所',53),(344,'璺到底皮膚專科診所','06 -2882555','臺南市東區德光里崇明路153之1號1樓','診所',53),(345,'葉小兒科皮膚科診所','06 -2611442','臺南市南區國宅里金華路二段41號','診所',89),(346,'府城骨科皮膚科診所','06 -2651331','臺南市南區田寮里新興路303號','診所',89),(347,'柯中文皮膚科診所','06 -2289333','臺南市北區公園南路356號','診所',14),(348,'育豪皮膚科診所','06 -2746169','臺南市北區開元路420號1樓','診所',14),(349,'蔡旻倩皮膚科診所','06 -2826566','臺南市北區公園路375－2號1樓','診所',14),(350,'高惠峰皮膚科診所','06 -2133363','臺南市中西區法華里府連路41號1、2樓','診所',41),(351,'郭健軍皮膚科診所','05 -2273836','嘉義市東區中山路284號','診所',66),(352,'趙祥凱皮膚科診所','05 -2246236','嘉義市東區興南里垂楊路209號','診所',66),(353,'台大風尚皮膚科診所','05 -2711711','嘉義市東區新生路612號1樓','診所',66),(354,'張外科皮膚科診所','05 -2233629','嘉義市西區功科里民生北路220號','診所',95),(355,'呂國鎮皮膚科診所','05 -2221459','嘉義市西區民生里民生北路259號1樓','診所',95),(356,'王伯智皮膚科診所','05 -2276227','嘉義市西區林森西路500號1樓','診所',95),(357,'王仁樟皮膚科診所','05 -2293829','嘉義市西區垂楊路295號','診所',95),(358,'黃敏宏皮膚科診所','05 -2287079','嘉義市西區集英里新民路938號','診所',95),(359,'戴昌隆皮膚科診所','05 -2328888','嘉義市西區博愛路二段277號','診所',95),(360,'劉怡慧皮膚科診所','05 -2839595','嘉義市西區興業西路152，154號1樓','診所',95),(361,'王英權皮膚科診所','02 -29555232','新北市板橋區民族路129巷6號','診所',9),(362,'李皮膚科診所','02 -29597256','新北市板橋區四川路1段53、55號（1樓）','診所',9),(363,'慈蕙診所','02 -29556754','新北市板橋區三民路2段202之29號（1樓）正隆巷2之1號','診所',9),(364,'黃何耳鼻喉科皮膚科聯合診所','02 -29689669','新北市板橋區北門街21號（1樓）','診所',9),(365,'林皮膚科診所','02 -29686607','新北市板橋區府中路112號','診所',9),(366,'蔡英傑皮膚科診所','02 -22593133','新北市板橋區文化路1段146號1樓','診所',9),(367,'曾皮膚科診所','02 -29534710','新北市板橋區中山路2段365號','診所',9),(368,'江致德皮膚科診所','02 -89521090','新北市板橋區重慶路254號','診所',9),(369,'板橋民富皮膚科診所','02 -89522722','新北市板橋區四川路1段97號1樓','診所',9),(370,'徐自菱皮膚科診所','02 -22551158','新北市板橋區互助街29號1樓及31號1樓','診所',9),(371,'何皮膚科診所','02 -22592424','新北市板橋區宏國路108號1樓','診所',9),(372,'趙昭明皮膚科診所','02 -29655559','新北市板橋區南門街27號1、2樓','診所',9),(373,'板橋黃皮膚科診所','02 -22521288','新北市板橋區文化路2段53號1樓、2樓','診所',9),(374,'張英睿皮膚專科診所','02 -22506065','新北市板橋區文化路1段118號（1、2樓、3樓）','診所',9),(375,'尚品皮膚科診所','02 -29671036','新北市板橋區中正路210號1、2樓','診所',9),(376,'板橋光澤診所','02 -29551300','新北市板橋區館前東路2號1樓及2樓，2之1號1樓及2樓','診所',9),(377,'劉仲彥皮膚專科診所','02 -22516677','新北市板橋區雙十路2段167號1樓、2樓','診所',9),(378,'京澄皮膚專科診所','02 -29582777','新北市板橋區三民路1段181、183號（1樓）','診所',9),(379,'板橋四維皮膚科診所','02 -82598889','新北市板橋區四維路150號1、2、3樓','診所',9),(380,'聖仁皮膚科診所','02 -29816689','新北市三重區正義北路126號1樓、3樓及128號1樓、3樓','診所',42),(381,'江建中皮膚科診所','02 -29859136','新北市三重區正義北路304號1樓','診所',42),(382,'江幸蓉皮膚科診所','02 -29843399','新北市三重區正義北路237號1樓、2樓','診所',42),(383,'呂恆明皮膚科診所','02 -29728088','新北市三重區三和路2段178號','診所',42),(384,'保順聯合診所','02 -29710719','新北市三重區正義北路5號、重新路2段13號8號1樓','診所',42),(385,'美上美皮膚科診所','02 -89859060','新北市三重區正義北路104號1樓','診所',42),(386,'瑞和耳鼻喉科診所','02 -29757788','新北市三重區龍門路22號1樓，夾層','診所',42),(387,'達昇皮膚科診所','02 -89859060','新北市三重區正義北路104號1樓','診所',42),(388,'柯瑞宏皮膚專科診所','02 -89883518','新北市三重區溪尾街181、183號1樓','診所',42),(389,'德儀皮膚專科診所','02 -29888308','新北市三重區重陽路3段5巷28號1樓及1樓夾層','診所',42),(390,'德謙皮膚科診所','02 -29872666','新北市三重區仁愛街517號1、2樓','診所',42),(391,'竹林皮膚科診所','02 -29287479','新北市永和區竹林路112－4號','診所',76),(392,'定安皮膚科診所','02 -29201413','新北市永和區福和路99號','診所',76),(393,'謝政璋皮膚科診所','02 -29203497','新北市永和區福和路256－1號1樓及256號1、2、3樓','診所',76),(394,'永信皮膚科診所','02 -29257788','新北市永和區中正路552號','診所',76),(395,'胡淑晶皮膚科診所','02 -29263336','新北市永和區得和路249之3號','診所',76),(396,'林俊銘皮膚科診所','02 -29469111','新北市永和區中正路326號1．2樓','診所',76),(397,'上立皮膚科診所','02 -89215010','新北市永和區中山路一段75號1．2樓','診所',76),(398,'芳瑞皮膚科診所','02 -29235000','新北市永和區永和路2段46號1－3樓','診所',76),(399,'芝妍皮膚專科診所','02 -29250886','新北市永和區竹林路169號1、2樓','診所',76),(400,'黃賜濱皮膚科診所','02 -22496602','新北市永和區永元路116號1樓','診所',76),(401,'群英皮膚科整形外科診所','02 -29216288','新北市永和區中正路746號5樓','診所',76),(402,'賴俊元皮膚科診所','02 -89410532','新北市中和區景新街453號','診所',62),(403,'創悅皮膚科診所','02 -29267680','新北市中和區永貞路231號','診所',62),(404,'王伯涵皮膚科診所','02 -29403092','新北市中和區宜安路131號1樓、2樓','診所',62),(405,'橋和皮膚專科診所','02 -22251739','新北市中和區漢生東路362號1樓，2樓','診所',62),(406,'雅文皮膚科診所','02 -22228325','新北市中和區中山路3段129號1至2樓','診所',62),(407,'辰星皮膚專科診所','02 -29406880','新北市中和區景安路117號1、2樓','診所',62),(408,'啟生診所','02 -29141100','新北市新店區北新路1段185號1樓、187號1樓','診所',34),(409,'為宏皮膚科診所','02 -86655332','新北市新店區北新路3段118號','診所',34),(410,'美膚皮膚專科診所','02 -86665327','新北市新店區安康路2段148-1號1樓','診所',34),(411,'經典皮膚科診所','02 -29176111','新北市新店區中正路150號1樓、2樓','診所',34),(412,'新晨皮膚專科診所','02 -29155158','新北市新店區北新路2段201號1樓','診所',34),(413,'101SKIN晶漾診所','02 -89127357','新北市新店區北新路三段145號3樓','診所',34),(414,'維格皮膚科診所','02 -89118555','新北市新店區北新路3段100號1樓、100號2樓','診所',34),(415,'超亮皮膚科診所','02 -29153734','新北市新店區北新路3段128號1樓、2樓','診所',34),(416,'劉思楨．許永川皮膚科診所','02 -22766622','新北市新莊區全泰里新泰路148號1、2樓','診所',43),(417,'林基正皮膚科診所','02 -22769868','新北市新莊區中原路230號（1樓）','診所',43),(418,'民富皮膚科診所','02 -22063937','新北市新莊區富國路110號1樓、夾層','診所',43),(419,'錦興皮膚科診所','02 -22032680','新北市新莊區建安里民安路201號2樓','診所',43),(420,'賴昌和皮膚科診所','02 -89925928','新北市新莊區新泰路316號1樓','診所',43),(421,'麗新皮膚科診所','02 -89938989','新北市新莊區自信里幸福路559號1樓','診所',43),(422,'吳峰璋皮膚科診所','02 -29917895','新北市新莊區中平路29號1樓、31號2樓、33號2樓','診所',43),(423,'魏皮膚科診所','02 -22029106','新北市新莊區富國路156號1樓','診所',43),(424,'信賴皮膚專科診所','02 -29935599','新北市新莊區幸福路52號1樓','診所',43),(425,'童麗娜皮膚專科診所','02 -22791676','新北市新莊區中原東路89巷1號1樓','診所',43),(426,'唯修診所','02 -89926656','新北市新莊區中原路93號1樓','診所',43),(427,'林岳宏小兒科陳德馨皮膚科聯合診所','02 -86840088','新北市樹林區中華路241號1樓','診所',96),(428,'興明皮膚專科診所','02 -26813543','新北市樹林區鎮前街7號1樓','診所',96),(429,'鄭仲欽皮膚科診所','02 -86872727','新北市樹林區中山路1段32號1樓','診所',96),(430,'博美皮膚科診所','02 -26771100','新北市鶯歌區國慶街162號1．2樓','診所',97),(431,'名家皮膚科診所','02 -26710238','新北市三峽區文化路90號1樓、2樓','診所',22),(432,'蕭皓天皮膚專科診所','02 -86722972','新北市三峽區大學路186號1、2樓','診所',22),(433,'淳仁聯合診所','02 -26237866','新北市淡水區學府路35號','診所',10),(434,'華生家醫科皮膚科聯合診所','02 -26250342','新北市淡水區北新路169巷4號1樓','診所',10),(435,'英專耳鼻喉科皮膚科診所','02 -86317678','新北市淡水區英專路96號','診所',10),(436,'呂仁金皮膚科診所','02 -26209587','新北市淡水區學府路51巷1弄26號1樓','診所',10),(437,'洪皮膚科診所','02 -26923923','新北市汐止區湖前街41號','診所',23),(438,'許哲豪皮膚科診所','02 -26488636','新北市汐止區忠孝東路214號1樓','診所',23),(439,'佳林皮膚科診所','02 -26955266','新北市汐止區康寧街388號1樓','診所',23),(440,'得美皮膚專科診所','02 -24260985','新北市汐止區忠孝東路427號1樓','診所',23),(441,'蔡侑儒皮膚科診所','02 -82733936','新北市土城區裕民路83號1、2樓','診所',74),(442,'土城學府皮膚科診所','02 -22668005','新北市土城區學府路1段29號1樓','診所',74),(443,'謝志偉皮膚專科診所','02 -22652200','新北市土城區金城路三段164號1樓','診所',74),(444,'安美皮膚科診所','02 -82823116','新北市蘆洲區中正路125號1樓','診所',98),(445,'陳彥廷診所','02 -82850866','新北市蘆洲區中山一路212號1樓','診所',98),(446,'菁采皮膚專科診所','02 -82867618','新北市蘆洲區信義路246－1號1樓','診所',98),(447,'容光皮膚專科診所','02 -82866812','新北市蘆洲區中原路10號1樓及夾層','診所',98),(448,'雅致皮膚科診所','02 -22973468','新北市泰山區泰林路2段110號1樓至3樓','診所',77),(449,'何文藻皮膚科診所','02 -26084383','新北市林口區文化三路2段179號1－2樓及181號2樓','診所',99),(450,'陽光皮膚科診所','02 -86019716','新北市林口區仁愛路2段113、115、117號1樓','診所',99),(451,'長泰皮膚科診所','02 -26029591','新北市林口區中山路131號1樓','診所',99),(452,'路加皮膚科診所','03 -3336697','桃園市桃園區中正路539號','診所',24),(453,'朱皮膚科診所','03 -3391331','桃園市桃園區中華路118號','診所',24),(454,'張超翔皮膚科診所','03 -3161588','桃園市桃園區中正路1130號1之2樓','診所',24),(455,'范姜皮膚科診所','03 -3566269','桃園市桃園區經國路397號1樓、405號 1樓、2樓之1、2、3','診所',24),(456,'易康皮膚專科診所','03 -3777031','桃園市桃園區昆明路58號1F','診所',24),(457,'徐大昇皮膚科診所','03 -3605588','桃園市桃園區龍安街181號1、2樓','診所',24),(458,'安美皮膚科耳鼻喉科專科診所','03 -3565268','桃園市桃園區中正路882之1號1、2樓','診所',24),(459,'江皮膚科診所','03 -3310616','桃園市桃園區中正路412號','診所',24),(460,'大興維格皮膚科診所','03 -3020185','桃園市桃園區大興西路二段131、135號1樓','診所',24),(461,'成功美學皮膚專科診所','03 -3358865','桃園市桃園區成功路2段87號1、2Ｆ','診所',24),(462,'桃園彤顏診所','03 -2522288','桃園市桃園區中正路985號1樓','診所',24),(463,'桃園維格皮膚科診所','03 -2200839','桃園市桃園區中山路595號1樓、2樓','診所',24),(464,'光彩皮膚科診所','03 -3787875','桃園市桃園區中山路824號2樓、826號2樓','診所',24),(465,'卓越皮膚科診所','03 -3016679','桃園市桃園區中埔2街167號1樓、2樓','診所',24),(466,'慈悅皮膚科診所','03 -3560052','桃園市桃園區大業路1段396號1樓','診所',24),(467,'洛淳皮膚科診所','03 -4257011','桃園市中壢區中光路11號','診所',55),(468,'張皮膚科診所(原為張樹權皮膚科診所)','03 -4273707','桃園市中壢區元化路107號','診所',55),(469,'興明皮膚科眼科聯合診所','03 -4947017','桃園市中壢區中正路336號','診所',55),(470,'李皮膚科診所','03 -4224638','桃園市中壢區元化路一一九號','診所',55),(471,'佳妍皮膚科診所','03 -4610762','桃園市中壢區忠孝路196號','診所',55),(472,'中壢彤顏診所','03 -4272727','桃園市中壢區元化路275及275－1號1樓','診所',55),(473,'合采皮膚科診所','03 -3870976','桃園市大溪區康莊路100號2樓','診所',100),(474,'曾世鳴皮膚科診所','03 -4883870','桃園市楊梅區新成路55號1樓','診所',101),(475,'劉賢璟皮膚科診所','03 -3530308','桃園市蘆竹區南崁路338號','診所',102),(476,'南崁皮膚專科診所','03 -3521521','桃園市蘆竹區南竹路一段80號1樓','診所',102),(477,'蘇鼎淵皮膚科診所','03 -3856886','桃園市大園區中華路101號','診所',103),(478,'陳皮膚科診所','03 -3509878','桃園市龜山區中興路206號1樓','診所',11),(479,'維格皮膚科診所','03 -3528088','桃園市龜山區南祥路54號1樓','診所',11),(480,'現代皮膚科診所','03 -3218080','桃園市龜山區南祥路40號2樓','診所',11),(481,'仁美皮膚科診所','03 -3766293','桃園市八德區介壽路一段971號1樓','診所',104),(482,'八德彤顏診所','03 -3639739','桃園市八德區介壽路一段780號1樓、2樓','診所',104),(483,'簡皮膚科診所','03 -4804051','桃園市龍潭區北龍路246號','診所',51),(484,'林皮膚科診所','03 -5962819','新竹縣竹東鎮商華街22號','診所',105),(485,'劉家麟皮膚專科診所','035-513347','新竹縣竹北市縣政九路162號一樓','診所',70),(486,'比漾皮膚科診所','03 -6586463','新竹縣竹北市勝利1路9號1樓','診所',70),(487,'賴義傑皮膚專科診所','03 -5529590','新竹縣竹北市光明一路353號','診所',70),(488,'吳冠興皮膚科診所','03 -5500198','新竹縣竹北市文興路一段328號1樓','診所',70),(489,'林鴻欣皮膚科診所','03 -5590231','新竹縣新豐鄉建興路一段146之1號1樓','診所',106),(490,'李文生皮膚科診所','03 -9310303','宜蘭縣宜蘭市中山路3段42號','診所',48),(491,'宜美皮膚科診所','03 -9321991','宜蘭縣宜蘭市中山路2段301－2號','診所',48),(492,'佳美診所','03 -9547975','宜蘭縣羅東鎮公正路95－1號','診所',25),(493,'王仁暉皮膚科診所','03 -9542968','宜蘭縣羅東鎮興東南路231號','診所',25),(494,'林育全皮膚專科診所','03 -9568788','宜蘭縣羅東鎮倉前路42號','診所',25),(495,'解皮膚科診所','037-338966','苗栗縣苗栗市中苗里中山路495號','診所',107),(496,'黃明玲皮膚科診所','037-331439','苗栗縣苗栗市中正路428號','診所',107),(497,'康平皮膚科診所','037-360222','苗栗縣苗栗市信義街31號2樓','診所',107),(498,'長青皮膚科診所','037-466859','苗栗縣竹南鎮正南里民治街1號','診所',108),(499,'竹南診所','037-470709','苗栗縣竹南鎮光復路272號','診所',108),(500,'吳兆章皮膚科診所','037-596568','苗栗縣頭份市中正路218號1樓','診所',109),(501,'施宏俊皮膚專科診所','037-666580','苗栗縣頭份市信義路115號1樓','診所',109),(502,'吳幸源皮膚科診所','04 -25275700','臺中市豐原區豐原里中正路226號1樓','診所',44),(503,'李長模皮膚科診所','04 -25250920','臺中市豐原區中正路124號','診所',44),(504,'王榮祿皮膚科診所','04 -25154347','臺中市豐原區田心里圓環東路91號','診所',44),(505,'光妍皮膚科診所','04 -25205892','臺中市豐原區中正路377號1樓及379號2樓','診所',44),(506,'慶恩內皮膚科診所','04 -25879589','臺中市東勢區東安里豐勢路417號','診所',110),(507,'李光輝皮膚科診所','04 -26880903','臺中市大甲區順天路383號1樓','診所',111),(508,'吳大維皮膚科診所','04 -26800599','臺中市大甲區薰風里光明路83號','診所',111),(509,'楊進隆皮膚科診所','04 -26239333','臺中市清水區南寧里光華路167號','診所',112),(510,'鄭地明皮膚科診所','04 -26652239','臺中市沙鹿區臺灣大道7段996號1樓','診所',56),(511,'何秋燕皮膚科診所','04 -26362982','臺中市沙鹿區沙田路53－4、53－5號1樓','診所',56),(512,'尚渼皮膚科診所','04 -25329489','臺中市潭子區中山路2段368號','診所',113),(513,'楊得銘皮膚科診所','04 -25653075','臺中市大雅區雅環路二段318號1及2樓','診所',114),(514,'李大東皮膚科診所','04 -25678162','臺中市大雅區民生路1段59號','診所',114),(515,'神農皮膚科診所','04 -23380101','臺中市烏日區中山路一段400號1樓','診所',72),(516,'陳志愈皮膚科診所','04 -23327815','臺中市霧峰區甲寅里中正路1061號','診所',115),(517,'劉文麟皮膚科診所','04 -22708058','臺中市太平區中興里太平路659號','診所',52),(518,'朱志方皮膚科診所','04 -23918203','臺中市太平區樹孝路43之2號','診所',52),(519,'張力元皮膚科診所','04 -23912922','臺中市太平區中山路3段2－8號1樓','診所',52),(520,'胡國祥皮膚科診所','04 -24864308','臺中市大里區中興路二段686號','診所',26),(521,'名家皮膚科診所','04 -24860608','臺中市大里區西榮里東榮路17．19號','診所',26),(522,'向陽皮膚科診所','04 -24930493','臺中市大里區塗城路735巷2號1樓','診所',26),(523,'陳建宏皮膚科診所','04 -7261808','彰化縣彰化市西安里曉陽路246．248號','診所',12),(524,'王文政皮膚科診所','04 -7291616','彰化縣彰化市民權里民族路437號','診所',12),(525,'張啟杉皮膚科診所','04 -7283807','彰化縣彰化市民生里三民路二六八號','診所',12),(526,'豐綺皮膚科診所','04 -7286699','彰化縣彰化市信義里中正路1段328號','診所',12),(527,'芯漾皮膚科診所','04 -7234543','彰化縣彰化市民權里民族路425號','診所',12),(528,'現代皮膚科診所','04 -7230580','彰化縣彰化市曉陽路52號1、2樓','診所',12),(529,'林智仁皮膚科診所','04 -7573648','彰化縣和美鎮和東里彰美路5段98號','診所',116),(530,'陳與桔皮膚科診所','04 -7550526','彰化縣和美鎮和西里和線路96號','診所',116),(531,'佳宜皮膚科診所','04 -8886615','彰化縣北斗鎮居仁里中華路103號','診所',117),(532,'林家賢皮膚科診所','04 -8359815','彰化縣員林市中正路491號','診所',73),(533,'陳世岳皮膚科診所','04 -8335292','彰化縣員林市惠來里南昌路94號','診所',73),(534,'吳亮遠皮膚科眼科診所','04 -8372072','彰化縣員林市中山里中山路1段725號','診所',73),(535,'李永在皮膚科診所','04 -8355638','彰化縣員林市三和里大同路1段285巷50號','診所',73),(536,'楊淑萍皮膚科診所','04 -8376505','彰化縣員林市三條里大同路1段195，197號','診所',73),(537,'名妍皮膚科診所','04 -8370861','彰化縣員林市忠孝里大同路一段69號1、2樓','診所',73),(538,'陳建宇皮膚科診所','04 -8323103','彰化縣員林市三民東街168號1、2樓','診所',73),(539,'歐美皮膚科診所','04 -8610509','彰化縣溪湖鎮湖西里二溪路1段157號','診所',118),(540,'二林四季皮膚科診所','04 -8958678','彰化縣二林鎮南光里儒林路二段310號','診所',119),(541,'許權傑診所','04 -7995100','彰化縣伸港鄉新港村忠孝路9．11號','診所',120),(542,'台大京采皮膚專科診所','04 -7783003','彰化縣福興鄉復興路110號','診所',121),(543,'黃皮膚科診所','049-2204786','南投縣南投市復興路91號','診所',46),(544,'徐紹倍皮膚科診所','049-2208475','南投縣南投市中興路620－2號','診所',46),(545,'台大建村皮膚科診所','049-2906112','南投縣埔里鎮中華路250號1Ｆ','診所',28),(546,'邱哲煌皮膚科診所','049-2322897','南投縣草屯鎮中正路771號','診所',122),(547,'戴偉竣皮膚科診所','049-2330332','南投縣草屯鎮草溪路1026號','診所',122),(548,'杏如皮膚科診所','049-2661820','南投縣竹山鎮集山路3段820號','診所',123),(549,'蔡皮膚科診所','05 -5340840','雲林縣斗六市文化路61號','診所',49),(550,'林政宏皮膚科診所','05 -5322468','雲林縣斗六市忠孝里大同路95號','診所',49),(551,'陳佩軍皮膚科診所','05 -5321767','雲林縣斗六市中正路12號','診所',49),(552,'李豐曉皮膚科診所','05 -6338060','雲林縣虎尾鎮新興里中正路29號','診所',124),(553,'新容皮膚科診所','05 -6365756','雲林縣虎尾鎮仁愛路86號','診所',124),(554,'光復皮膚科診所','05 -5875000','雲林縣西螺鎮廣福里光復西路7號','診所',75),(555,'方聰惠皮膚科診所','05 -7831668','雲林縣北港鎮民享路35－6號','診所',125),(556,'田金佩皮膚科診所','05 -2063300','嘉義縣民雄鄉西安村006鄰西安路36之2號1Ｆ、2Ｆ','診所',126),(557,'廖嘉辰皮膚科診所','06 -6336128','臺南市新營區三仙里三民路138之一號','診所',87),(558,'麗安皮膚科診所（麗安名家皮膚科聯合診所）','06 -6377899','臺南市新營區大宏里三民路76－11、12號1、2樓','診所',87),(559,'郭宏文皮膚科診所','06 -5711123','臺南市麻豆區光復路129號','診所',59),(560,'鍾宏銘皮膚科診所','06 -7236387','臺南市佳里區光復路160號','診所',127),(561,'?尚言皮膚科診所','06 -7236996','臺南市佳里區延平路401號','診所',127),(562,'家美皮膚科診所','06 -5853931','臺南市善化區大成路196號','診所',128),(563,'張雅宜皮膚科診所','06 -2302217','臺南市歸仁區南保里中山路三段14號1、2樓','診所',88),(564,'林尚志皮膚科診所','06 -3303177','臺南市歸仁區中山路二段127號','診所',88),(565,'慈雲診所','06 -2719468','臺南市永康區大灣路188號','診所',1),(566,'三奇皮膚科診所','06 -2014853','臺南市永康區大橋里中華路608號','診所',1),(567,'謝孟穎皮膚科診所','06 -3023232','臺南市永康區中華路695號','診所',1),(568,'正安內科皮膚科診所','07 -7467732','高雄市鳳山區經武路137號','診所',91),(569,'王清敏皮膚科診所','07 -7403961','高雄市鳳山區文華里文衡路46號','診所',91),(570,'佳音皮膚科診所','07 -7103304','高雄市鳳山區中山路73－5號','診所',91),(571,'陳皮膚科診所','07 -8158068','高雄市鳳山區龍成路123巷28號1樓','診所',91),(572,'柯適中皮膚科診所','07 -8133167','高雄市鳳山區五甲二路679號','診所',91),(573,'盧信昭皮膚科診所','07 -7278664','高雄市鳳山區五甲二路444號1樓','診所',91),(574,'雅皮膚科診所','07 -7677776','高雄市鳳山區文龍路23號1樓至2樓','診所',91),(575,'安祥皮膚科診所','07 -6295859','高雄市岡山區岡山路97、99號1樓','診所',129),(576,'李漢傑皮膚科診所','07 -6236488','高雄市岡山區岡山路402號1樓','診所',129),(577,'楊皮膚科診所','07 -6625322','高雄市旗山區大德里延平一路679號','診所',67),(578,'實美皮膚科診所','07 -7817578','高雄市大寮區鳳林四路170之8號','診所',130),(579,'張簡皮膚科診所','08 -7372995','屏東縣屏東市自由路408號','診所',32),(580,'王順弘眼科診所','08 -7517267','屏東縣屏東市復興路233號','診所',32),(581,'李淑芬皮膚科診所','08 -7517277','屏東縣屏東市復興路233號','診所',32),(582,'吳仁欽皮膚科診所','08 -7383299','屏東縣屏東市溝美里自由路379－2號','診所',32),(583,'邱?惠皮膚專科診所','08 -7223329','屏東縣屏東市豐源里廣東路100號1樓','診所',32),(584,'黃子政皮膚科診所','08 -7806816','屏東縣潮州鎮新生里中正路9號','診所',131),(585,'家揚皮膚科診所','08 -7861665','屏東縣潮州鎮中山路185－1號','診所',131),(586,'李宗勳皮膚科診所','08 -8351283','屏東縣東港鎮中山路2-8號','診所',63),(587,'禾美皮膚專科診所','08 -7771666','屏東縣萬丹鄉萬全村丹榮路629號1樓與2樓','診所',132),(588,'恆美診所','08 -7795995','屏東縣內埔鄉德美路218、220號','診所',133),(589,'林建成皮膚科診所','06 -9271648','澎湖縣馬公市漁隆路35號','診所',71),(590,'儷人皮膚科診所','06 -9266286','澎湖縣馬公市惠民新村28號','診所',71);
/*!40000 ALTER TABLE `front_join` ENABLE KEYS */;
UNLOCK TABLES;

--
-- Table structure for table `front_townlist`
--

DROP TABLE IF EXISTS `front_townlist`;
/*!40101 SET @saved_cs_client     = @@character_set_client */;
/*!50503 SET character_set_client = utf8mb4 */;
CREATE TABLE `front_townlist` (
  `id` bigint NOT NULL AUTO_INCREMENT,
  `town` varchar(5) COLLATE utf8mb4_unicode_ci NOT NULL,
  `county_id` bigint NOT NULL,
  PRIMARY KEY (`id`),
  KEY `front_townlist_county_id_5833c837_fk_front_countylist_id` (`county_id`),
  CONSTRAINT `front_townlist_county_id_5833c837_fk_front_countylist_id` FOREIGN KEY (`county_id`) REFERENCES `front_countylist` (`id`)
) ENGINE=InnoDB AUTO_INCREMENT=134 DEFAULT CHARSET=utf8mb4 COLLATE=utf8mb4_unicode_ci;
/*!40101 SET character_set_client = @saved_cs_client */;

--
-- Dumping data for table `front_townlist`
--

LOCK TABLES `front_townlist` WRITE;
/*!40000 ALTER TABLE `front_townlist` DISABLE KEYS */;
INSERT INTO `front_townlist` VALUES (1,'永康區',1),(2,'鳥松區',2),(3,'花蓮市',3),(4,'文山區',4),(5,'三民區',2),(6,'南區',5),(7,'北區',5),(8,'士林區',4),(9,'板橋區',6),(10,'淡水區',6),(11,'龜山區',7),(12,'彰化市',8),(13,'中正區',4),(14,'北區',1),(15,'內湖區',4),(16,'北投區',4),(17,'左營區',2),(18,'西屯區',5),(19,'松山區',4),(20,'大安區',4),(21,'中山區',4),(22,'三峽區',6),(23,'汐止區',6),(24,'桃園區',7),(25,'羅東鎮',9),(26,'大里區',5),(27,'鹿港鎮',8),(28,'埔里鎮',10),(29,'朴子市',11),(30,'大林鎮',11),(31,'燕巢區',2),(32,'屏東市',12),(33,'臺東市',13),(34,'新店區',6),(35,'中區',5),(36,'平鎮',7),(37,'大同區',4),(38,'前金區',2),(39,'信義區',14),(40,'西區',5),(41,'中西區',1),(42,'三重區',6),(43,'新莊區',6),(44,'豐原區',5),(45,'埔心鄉',8),(46,'南投市',10),(47,'北區',15),(48,'宜蘭市',9),(49,'斗六市',16),(50,'苓雅區',2),(51,'龍潭區',7),(52,'太平區',5),(53,'東區',1),(54,'南屯區',5),(55,'中壢區',7),(56,'沙鹿區',5),(57,'梧棲區',5),(58,'小港區',2),(59,'麻豆區',1),(60,'信義區',4),(61,'安南區',1),(62,'中和區',6),(63,'東港鎮',12),(64,'安樂區',14),(65,'東區',15),(66,'東區',17),(67,'旗山區',2),(68,'金湖鎮',18),(69,'萬華區',4),(70,'竹北市',19),(71,'馬公市',20),(72,'烏日區',5),(73,'員林市',8),(74,'土城區',6),(75,'西螺鎮',16),(76,'永和區',6),(77,'泰山區',6),(78,'暖暖區',14),(79,'北屯區',5),(80,'東區',5),(81,'金城鎮',18),(82,'南港區',4),(83,'鼓山區',2),(84,'楠梓區',2),(85,'新興區',2),(86,'前鎮',2),(87,'新營區',1),(88,'歸仁區',1),(89,'南區',1),(90,'安平區',1),(91,'鳳山區',2),(92,'路竹區',2),(93,'中正區',14),(94,'仁愛區',14),(95,'西區',17),(96,'樹林區',6),(97,'鶯歌區',6),(98,'蘆洲區',6),(99,'林口區',6),(100,'大溪區',7),(101,'楊梅區',7),(102,'蘆竹區',7),(103,'大園區',7),(104,'八德區',7),(105,'竹東鎮',19),(106,'新豐鄉',19),(107,'苗栗市',21),(108,'竹南鎮',21),(109,'頭份市',21),(110,'東勢區',5),(111,'大甲區',5),(112,'清水區',5),(113,'潭子區',5),(114,'大雅區',5),(115,'霧峰區',5),(116,'和美鎮',8),(117,'北斗鎮',8),(118,'溪湖鎮',8),(119,'二林鎮',8),(120,'伸港鄉',8),(121,'福興鄉',8),(122,'草屯鎮',10),(123,'竹山鎮',10),(124,'虎尾鎮',16),(125,'北港鎮',16),(126,'民雄鄉',11),(127,'佳里區',1),(128,'善化區',1),(129,'岡山區',2),(130,'大寮區',2),(131,'潮州鎮',12),(132,'萬丹鄉',12),(133,'內埔鄉',12);
/*!40000 ALTER TABLE `front_townlist` ENABLE KEYS */;
UNLOCK TABLES;
/*!40103 SET TIME_ZONE=@OLD_TIME_ZONE */;

/*!40101 SET SQL_MODE=@OLD_SQL_MODE */;
/*!40014 SET FOREIGN_KEY_CHECKS=@OLD_FOREIGN_KEY_CHECKS */;
/*!40014 SET UNIQUE_CHECKS=@OLD_UNIQUE_CHECKS */;
/*!40101 SET CHARACTER_SET_CLIENT=@OLD_CHARACTER_SET_CLIENT */;
/*!40101 SET CHARACTER_SET_RESULTS=@OLD_CHARACTER_SET_RESULTS */;
/*!40101 SET COLLATION_CONNECTION=@OLD_COLLATION_CONNECTION */;
/*!40111 SET SQL_NOTES=@OLD_SQL_NOTES */;

-- Dump completed on 2022-08-03 22:46:14
